age,salary,purchases
44.47169019863171,11813.285573122374,21.04638481689854
25.888851497320978,11743.331483043,32.561689721461704
57.90244887204295,10987.36259739634,35.58070297693074
60.724396251568834,12221.654684794139,30.81236237767946
54.57566375782347,10971.270604065012,23.537998397597658
37.57551294638828,11499.945281828574,21.52974937683394
57.50017016432699,13598.137161850787,18.218675244986006
39.31012315252608,15943.267210151056,23.594484148697763
48.69939246757365,13499.109091604054,20.987913752886666
59.13494356132685,13044.350229470472,29.914550172162617
57.64371933004538,11755.794385724199,31.72508220682425
39.952007380388906,15355.782323898842,21.25686613503184
26.488358108855103,10127.905429776218,34.554955989780765
30.23375995910707,12990.658712913108,18.959676259929626
31.53637799484521,13375.886134055047,33.89670185559933
29.893466702688663,13391.58157671211,30.04301429476754
48.645699414202255,7785.5847301480735,26.686771354311965
60.77244078207087,9051.77302095908,22.971651451040923
49.49471413322603,14082.523909525014,18.493747428203672
53.89395601649695,13371.284785491102,29.046652265304413
37.773392597912256,11533.710125663405,28.8545761770094
29.18483162811498,12086.011310929993,23.85208148584143
45.4339389641516,8699.564461431113,19.763110562327654
27.978653693692543,12972.247317073017,28.456637332797683
57.65942530991712,17144.59602493026,15.330413856556671
39.365675200608216,10177.042413624138,23.066739136639534
27.181258000209674,14500.19545996575,32.29460529588644
47.237895191304005,10692.168248519476,25.10540751518997
57.70178858329393,12073.618743753832,17.013907023381634
38.44643411969371,9516.161985301382,32.96956807851072
27.272983369248664,13643.187679217339,30.881499994583923
28.37098696698318,12410.369838145878,21.404806428348028
28.9308271068091,10390.480356634274,33.08522933839711
37.229583760442054,15911.35458729146,17.352827416105747
29.109499995470483,12452.36951091711,20.303914009756202
27.43503175775456,14096.558384673663,28.213655081293894
37.08744401443892,11663.228658804357,31.878335085410903
58.82086678708277,9976.373185056542,35.64926514629506
58.1935991181802,11279.265648867371,18.078299667773948
37.59381730537298,12477.02404539358,24.6195333062168
37.56716441100906,13594.302176503537,32.723065042368255
40.8799310362701,13356.677219132831,19.532937220910753
47.89601151657974,11619.993754360534,33.83387319341209
26.290555187368923,12652.448737498778,29.335075387084984
27.109086969561393,12184.666514863373,31.26024978874271
39.846742650079136,10402.53956957461,18.734203166873254
41.59830832307537,10955.326811694282,28.48653449258733
53.05012954478428,11902.676729970923,18.685668169841684
27.152188358299036,13379.56552889904,27.816857847842588
53.56707811221898,9555.164987596474,29.969780959929082
39.13445472627775,11552.031613661882,29.556556596409965
26.232459391100473,14646.657196000277,17.770857720916794
38.76565750297821,13250.28685750152,31.028074015190104
50.06976082458458,14159.764948822558,29.6865914264569
37.15359740321777,12778.788228733623,28.762374323645
41.29637781091222,12723.111773304465,20.059403661908377
24.43462103485181,16378.833511998757,26.147076576571763
48.79950111139603,16551.36825412039,18.413602707210984
55.1699270692596,12586.517316067786,22.606546380226312
56.755806624757575,8310.873495854357,19.694570671809167
30.057873907489743,10699.039782469641,19.85605414490664
62.45568028808014,11018.64818645497,24.217127619013674
60.110871165811304,10458.52670812972,28.2985177662957
36.78216144750615,11482.839005991667,16.217106365571503
31.55591219264837,12377.582715874712,21.65951553635147
52.204942912480654,13040.927354276115,16.18530068272228
57.89416174936213,9532.777690985735,23.325259784023974
36.3652748499816,14018.146853297087,18.648583117966318
40.98446068145714,12956.167449747443,29.02881363278444
56.54223326529278,14360.202470442575,32.52541995777781
29.726721785230477,11875.338739695482,25.635835940279218
56.374475845079466,11995.56676012653,20.75853816073158
50.451612691542955,11502.921841189795,31.16072785179961
60.04018900784709,6340.585532856845,27.838094622596564
35.25268463732489,10765.31817003383,20.975321555031687
27.61280649316153,12147.813586356298,18.57804595992028
57.42655748518211,7714.678003171797,18.868635989055626
28.01621062782337,13669.021485801866,29.886527026986965
56.79493951317861,15753.915682663952,20.181217660167285
58.9164303126477,16365.741217580526,19.122741920769453
47.083025698746866,10910.974497788797,32.11135362110682
33.21913002505238,12149.948601224101,19.890835579409888
38.151971925957966,11851.036396433856,33.693029520637474
47.06268073486006,15853.187280661967,26.048744312344034
28.6868929352056,10169.431271794898,21.89685242868916
57.54613445870687,9889.385296605278,30.032056906018923
57.00681187088643,11136.281687301147,19.61459715892068
25.790946712120704,10623.307647497986,33.38245522355026
49.76365085549277,11769.132673522112,25.959179968711624
40.65870242209693,9638.64772389645,16.998320305369635
46.133966532433625,10832.221833443386,34.512307933639846
25.95891331619642,14978.209592709947,20.050560944880726
49.511609858898936,13238.591542037686,28.046109813515997
27.579971746302025,11733.767260178327,24.526302300845074
60.15726312906303,18797.8060622401,18.637234537551162
48.54268173689515,12277.6350118548,23.882396147181964
38.1107678803032,12987.27211093765,18.435471694463814
27.28413792985544,9222.1310963841,19.739130907241368
57.79380488347295,11763.75995906687,20.25498102131615
45.51855696847368,12267.499564297439,17.839823410031727
49.02028210263113,15447.992993055346,24.90300550569302
35.41000715566184,10530.226013522337,22.963039759004268
48.818365092071645,9885.442454111697,19.51225920562119
37.940221000203806,12518.555287442172,8.311602264587743
28.32404165460141,10535.66978919703,21.997654557354718
55.199920391730565,14477.326201065374,19.41330028525906
27.26057821219797,16144.224182318321,27.417305076011814
28.326097945525234,10517.059330392203,29.03832051482076
57.316533335566206,11389.156769422652,18.255041606195824
47.510911545684046,7623.558323944817,31.193927535808843
28.585990563595576,13671.659742835422,31.538134568803915
31.33110655674074,14883.348551863386,19.51079711829041
57.322546249985194,12579.827527455685,23.37808456988849
27.08054863852027,12423.020776129038,29.919682470353667
58.685713834601046,7493.583181709157,17.800594966146882
25.328464553100858,18446.715077634988,26.08742263671933
60.05809681837605,10601.287375855914,24.66846362102652
27.7897473062728,10330.579646789185,31.164696560386222
47.50922540114256,15435.177035926145,22.263606086385852
54.19713077027976,8908.4750555815,19.035893435248717
31.748018778926596,15399.809284604922,20.213771093659428
29.107474548737848,14475.660247509608,27.88629768423413
30.253390956091536,12762.04690085288,22.687991727358092
49.151240958098064,14389.571165005085,18.514806283992122
50.72805461485455,10691.505895618337,18.36971500092409
47.51273610228842,11713.785410038268,18.377869750751888
54.25272865687846,14606.228977118724,32.34955729387724
28.084502101366613,11529.211655412997,23.52297323099626
41.72947409468472,13084.890339457601,22.043989155846162
59.5421481969999,13256.95628348351,22.899268133439342
27.41341824482736,11506.700125515526,18.001132685890514
56.410392206019374,13494.38319171661,22.132313525986973
47.819043182241934,10301.135139782682,20.217451702628544
58.64086815760882,12393.328584904948,29.881550600831336
46.66293568730393,12710.734191258833,20.402054011289355
28.724810669987754,12331.218843601791,21.225200376724963
47.474403296774895,12706.835034704842,19.031060573877177
40.94979754461848,10688.849929834303,16.786993586633272
39.12197925300943,14197.448579270003,32.0008789397713
28.53786282970975,12645.203615760314,19.232451092086713
41.18861000309434,11749.69973662657,32.23693395791479
48.89364323929697,12685.325447445339,29.419674254533938
29.716615709740093,10400.059610394588,25.113436566145
48.363711653437804,13807.846075312988,31.319255443071043
37.18030812928201,9915.424922916802,29.065229223741575
37.02315097707689,11339.10542356761,20.683415559294136
57.927155714491285,12861.868567619493,23.184366080506166
37.00317077954133,15415.139089785005,21.62853078852162
28.224138701607966,12031.884634809201,30.235783336699424
47.00029973541694,17130.5745939262,21.872829939904328
58.56031315655414,11768.765639588446,18.783021667678323
55.86359894725088,11376.509349311165,33.04403474617391
49.91876760638613,11837.07063834774,20.87340501349745
58.12429678082895,16020.327524662305,21.918998271404423
58.38000213436409,12898.827883571967,22.42883380622923
58.95554531629355,9429.239663447097,40.50033180108932
38.959685754699265,12917.020063394275,24.9476085618068
34.658961912731996,12451.008098517335,27.153028085764852
49.962810161280615,11331.332071762718,30.999806871430653
28.78623689606754,11748.252661446486,21.08752343334025
36.941391359445916,15900.208182084629,24.594387058115867
49.42092895832059,10736.873697584015,19.806357626279546
48.47794189937585,9307.469751351025,21.775003072800445
57.26081554113643,8878.364653092862,30.942818283745023
26.103063854094042,10324.267251378587,32.03621653156431
58.54370685438725,11305.168008049532,32.56888255655193
35.06904221111925,12147.6500658406,26.506248530694844
48.48625636982213,13670.99399092995,33.13580123455353
48.16460855132019,15677.182098281814,21.475182139892635
27.14985102765869,11361.366083439458,24.9803267455089
58.767172992339844,12102.37828840351,13.361203137345997
36.60551343480183,14648.154288831076,15.900884984775328
47.77902941625692,11371.3823686747,24.82945987619948
37.77461748126784,13120.221175492941,31.524676804324585
49.748695889756256,15161.731493337395,21.199049999011564
26.32017910645534,14507.332561642328,20.63892665968571
46.67242752351527,13303.289576839881,24.489625034549498
28.527367608914137,14617.129177925874,18.097084925229247
36.78563212548966,12887.996196785976,32.491717948931026
37.69294224582615,10549.45693086546,33.85775240913831
30.698040325765533,14426.07030145274,28.356390355545965
54.58445705111488,12220.831960776013,34.62780589186871
27.556166814917965,13051.462020867733,22.22320425446779
47.88906626950672,8591.589177453588,23.31151541619314
44.77385449565587,12575.170043566204,23.1408704180701
32.36451272967686,10191.249396530164,19.150403168733757
47.34835899602763,12198.604667025958,35.53227423389792
57.23366543798941,13452.844432852473,14.869092332591833
46.52172346834599,14934.825822318937,16.743599725705817
38.474179029152076,12118.741204672888,17.369547225418255
30.578154903242886,12470.730860694683,17.153490738743116
33.04584848945062,12107.496162525746,28.067118915960943
24.892805505239416,12806.565788868846,21.742093422288356
29.547817028530197,10864.282755019889,17.034956921203364
50.119817847787004,11067.620102913748,26.730059118792592
57.424473587899854,10845.350093393943,34.944580627240825
39.000804318455984,10400.766927040886,16.715857578717866
27.628799945876455,15889.457458786499,29.354479389320872
28.00288139948343,13193.471033927462,36.884695906606154
60.76110133806605,11579.843426906542,21.921875408563913
53.3753432906358,8007.621443680336,27.754056496074504
38.24296577935148,13226.627256456679,28.504263929523248
28.679450973911912,9828.831546689049,33.794675323120224
47.542947668359474,10078.15232122809,27.674855205404832
25.92619914855759,11080.89973976439,32.61929877164935
57.741341682799586,13841.357888996266,29.021304741888716
35.964450647507434,9377.728695557946,25.71304806638205
59.21632745220372,10713.63102831447,29.270526495478016
39.5858262919984,11989.5884112063,26.905018726213783
37.87626195466294,11962.058324656151,16.457159642510067
57.957982705876056,10762.637968749645,19.489345151334085
37.05200575674055,13443.193800965124,27.99793196749649
60.65008345523326,12158.098255732852,22.34622911629915
40.60924556448795,12637.848055124443,24.618050981589683
26.72117395503915,15579.601657835574,20.339720549354933
57.353072919164696,14624.218583150714,24.43261232219303
46.056213045739256,13286.991161578107,33.74224647855476
49.664494548435705,10191.252169313355,15.238219491477018
25.929384043659173,11337.716487142328,20.000980815349852
28.476435899252127,14434.285362226052,22.12615381345426
58.73117287090536,10559.949663844443,22.469691317533744
28.604936373061683,11689.519744060202,18.11019108029437
35.954693022431606,16090.76554896211,25.902160044622
37.08305487717094,11297.441307042058,26.543368328844977
37.642988873181224,8902.761274419136,36.348884703080095
48.902558069254724,11802.43868343946,26.266012903102666
40.92365478824171,15866.272310670758,29.76050702609877
26.2668441112475,12813.563327962913,25.815506336141798
56.15053687874142,10964.992293607844,26.908314429535647
45.59839246825067,13403.117310738398,17.31758523537465
25.744064339166286,11582.478763986699,16.710202795752934
48.64820928159688,12894.55351159288,20.60187934976575
36.463950953573494,8988.970062005023,35.37008441033887
36.61163553553735,13253.89793745949,19.702593851281485
60.28036224862681,15434.322667881805,21.623724300803886
48.35435671445568,13886.804265769133,26.591032745887023
48.20010623089595,8317.91845083005,19.568207413984943
57.08041775729087,16502.106962824466,18.27364177637833
31.25796638780049,10663.546013868063,17.02577702204254
25.74900026141397,13148.956515364442,26.79158082399369
46.19049168567415,13225.832679436317,30.24778939529843
27.086453209692245,15727.539842541048,18.33598268003246
54.638865842818724,10838.388656785693,17.41961698131471
39.55738405646763,9681.872384192146,19.29337788859003
45.92828344447865,10378.282886893618,21.82437653586142
59.76046385142916,15089.040375953844,33.51342580721484
37.88258034427492,12335.661648232399,19.59410803322618
25.403954976541662,15005.91568713191,27.003270625844255
51.672184948410134,13530.70329109122,33.52801079117561
58.281723904451255,13699.427426619048,20.122112607280997
32.095195278654614,15219.541870420766,31.641042826471395
57.62179679126074,14110.631518956017,22.998531259097412
37.44472168778478,11167.95639432295,31.30919258810571
29.539169068846714,8814.283729386441,32.84514548615359
61.33452618854144,9032.791858692242,21.979812741321567
47.41987124749876,10041.875886689255,18.23296477639692
47.49018032672834,12320.269700208552,29.220624951833816
47.96162916975014,10998.29479795296,16.498111493059938
56.09058880086447,11644.992831940328,18.295473184656753
60.1465808339451,11335.01236834757,21.266972489482004
25.661427934167488,8085.289802133025,20.549552724405597
48.00702131570328,9371.699815859052,30.803148431093888
44.617215063925904,15716.926648013039,28.144725938846534
36.70608756451862,12522.52468880698,15.507419780281353
49.04280672897756,10702.81323359275,27.082811603983025
27.02588686578157,11687.268841741712,31.96266244329644
57.730433190496306,17235.485714068243,30.1383941319779
29.485461565655257,15232.041162196098,29.486646070992215
38.395613659811524,9080.885950363545,16.8720890451377
29.863750100152075,12119.89570147962,24.58152993282485
39.270637613209274,6846.786336973511,29.04357258766634
46.64400976247961,12158.16303050806,19.847121528893858
37.77032532499508,11754.109463307195,27.51236876846748
52.10822412261714,10102.355537681848,26.650598072584753
58.822669118248925,11228.031989116374,30.738139725322696
46.73751030006155,7995.983026956783,31.633106654356745
49.0308844231812,8419.6299957756,30.314348632011335
24.55648242208186,7914.509542426183,21.112557048448643
41.31787372632371,15417.442173755473,31.72410351546051
55.487112681662836,8519.545495449041,33.26248666576988
46.22842030488615,13828.730856709592,19.68848092753415
50.37037185600372,8884.211394303777,28.324112636494814
39.894623246875106,9089.974093100498,31.353696512407698
45.73057203262141,12196.020982293807,30.53707123015176
27.206424734836833,12973.12600042314,32.71272119422764
60.15853378194705,9502.590454931575,30.878562732952318
38.52399866785619,9080.188394179642,30.35150480115351
58.137536484994364,11105.735077450814,22.213533289353784
39.020855266174785,11302.507170127232,18.903271493711788
46.201196500260714,10250.543206321092,26.446218021354085
29.63521254683225,7252.343764422059,33.60224509829754
60.86917687094171,14369.991343244254,15.83625268632397
48.36142308249593,9701.929920178689,27.571605885126964
29.86576163156005,9496.865743638784,30.750187578764688
38.349499138810465,10269.286880779406,27.91982865433115
56.83482794930226,12989.155524418242,33.512699136600204
38.846062567211725,5515.25338133142,27.509899423891564
48.559688565505525,13484.877015960334,19.963928731584677
36.075010287359,11792.092819586913,18.7696905175159
48.27409395831159,12904.74216314196,32.99318957607207
55.32568667791367,15250.141708536616,15.740035397945041
36.166274157530744,11548.947285808947,33.26087490694682
57.14539533157106,12688.500546108593,16.94724642607589
35.99319007435975,8695.957995568531,22.56036778203265
59.5938142170578,12585.141071857444,25.080257344428947
36.79233593899987,8344.977005481873,25.563227186433053
52.62919126028361,13575.230909694887,19.69512385080995
48.875107229388504,9836.6487724293,31.762026759517795
30.515651713178343,18510.65450158256,17.393224756672904
60.13822060582203,13089.294317642767,19.524891574636236
27.697643209175354,11886.894874147409,32.165863932290314
57.29629636100093,19062.229077262862,30.092150874708775
41.4307400725195,10823.629449948876,15.932573517750264
30.39110291915617,10338.38703722224,19.090093555527176
58.346624734868406,14292.16863260105,19.138814233198808
56.81262293013047,11523.345619308753,18.973522425916215
46.58032843496935,11652.652182614951,28.023279549629994
50.17845378171561,12805.938269617636,22.920099207415007
38.817335113932266,13502.202537255542,32.33509418181403
35.62425304440593,9390.110473062203,26.956562945355607
56.55572027485718,11762.165344090323,23.738117498549233
48.028776912939165,13039.417187464587,35.83817760768004
56.36603782744389,11063.756942288923,20.382781917862363
37.48721675466998,9671.6430205329,32.44466744100315
59.406190239638555,14861.075289576745,14.834908238060073
48.17137768242225,9321.893130471673,20.8215000112435
48.78205120565192,11202.617139456413,18.946205164275977
38.50261686152047,10591.784501600298,24.336053266108394
48.52593940411658,13920.612649448914,18.059744707310685
51.44809832072454,11365.674341769833,27.500928439453162
54.139025151692664,12442.513453275089,21.236285118643174
58.9839212271766,14163.148088593776,15.586242652885279
28.057762591945263,15418.757541135576,19.60127956645593
25.29647437437418,9498.639176058587,32.213850610062615
47.5881614227376,10970.008024256926,29.9812158823346
47.83779921625959,16471.592351027273,28.324456744424957
25.54568301742481,14005.890343409901,31.6982225604202
27.110971606004902,11862.98640444951,26.875980628752913
26.77998865578191,13200.791172072048,17.101731207196906
40.636375902349734,12174.19246248685,14.952909119566408
36.56724709096436,14287.720721412861,28.69361917239305
29.51374215421506,14390.265929703433,15.286085862909474
29.891065088306284,12404.004380480235,19.428939074056867
59.08528113714056,13975.402027099168,26.059798056609466
41.224778760803126,11566.078254163045,17.2509904845053
45.03270702069644,13492.20518271194,16.81728409118666
51.696880182682236,13497.020552960646,27.746894440226853
36.45211312391307,11573.617836348858,21.839686041455735
57.5794300323534,9471.049071231006,26.816578615274807
37.492939495320854,10806.084798768177,25.21263493322254
49.181327891422136,10422.235984776784,28.69441213019016
37.33029216575808,10429.724713278167,17.992943944390106
38.98021344891468,16276.4926213931,29.010424235588363
58.30587203777287,14382.29032003369,15.722920677743542
47.97485681117429,13201.997078887132,19.792682982092078
40.345829765678744,10938.22883951161,30.2503358238348
44.515051403669744,12454.480499747617,18.678509337030384
49.91966844311885,6670.079236947104,27.738846365330094
27.884330642756808,11013.416033775495,28.878812681176864
45.60024473395467,10305.648442591759,26.360733061314058
26.63521310709233,10585.368326757987,32.78769347321698
60.72900065794254,15466.620310546337,19.742951909116435
35.367234996699565,12865.8534153431,18.856458423118326
46.8927546324604,14054.19924999591,22.112885574058676
47.03507697246758,8234.233860982193,25.730006109795216
58.68104394879358,13037.57802154185,18.801553565788996
27.57413739284796,15236.29285007327,30.554043465620367
30.066813722423284,8648.871164193713,20.504434174149015
55.29004513817378,13534.236729065848,29.508021744832856
38.704176821873745,15511.248976939054,20.58317157438503
27.24153971742478,9763.644212233437,16.236867177942017
27.34301557626254,15287.612592753547,21.4115954045859
33.880352132419326,10980.098836866146,24.397163301509863
49.33572298561512,12179.16161069336,12.855555771812393
57.9451648571879,11529.371685267646,21.96060868111594
26.006938030712444,12140.451649981003,27.258940244913084
46.55732617596533,8921.541594532277,35.37798892533623
59.07333562823191,12518.86345270367,30.846022714524217
33.23928140776297,10945.832770733681,30.81809191861912
60.49672213224129,10816.41273493651,21.65111511988414
56.80930791264145,11823.109426246527,25.865013706786698
36.915757081295645,14696.45383899388,16.31537379022051
37.95931783897773,13868.600789401393,17.44528940944499
29.490761264407425,10270.899328343543,26.988622349834444
39.737168843587625,10571.639339062383,15.733668130768908
39.403477945195455,11781.696570921578,24.42723373493368
57.398742720185936,11984.750511450076,30.02021517480056
38.677072708837365,15042.763592177424,22.62397170069988
26.201946495156935,10372.806249279567,30.832185813454863
37.196722145952435,12035.249709771733,29.256688489918034
25.251847121282037,11969.410662994214,22.348909185942187
37.26242873616031,15079.011791998153,18.165892306925805
27.584716377567602,8907.238145019743,33.265609264349855
26.65546184589884,10895.419591709584,23.69479917920578
27.859053055677307,14699.651392300613,26.584969521314925
48.31861938416671,10450.946730751608,27.15342361295816
59.18575918923894,13877.353558118688,31.89306348453369
39.9878037467865,8835.490682727668,17.512048760648085
60.20865107539034,10780.179438876068,29.471938718049785
27.540079458992416,12036.988468966865,17.434655932579286
26.683001668663348,13761.60145736694,31.26524115237166
31.565916930569966,8753.130487777531,25.6524079908762
56.83061884959374,12549.678675132007,15.352570513331994
25.85878812633399,11521.602077009324,25.695096402040576
25.69947628243396,10728.57441856625,32.176838306646594
38.968968668497446,12939.374720230751,19.052796405935368
58.65838010291127,12431.60337299795,28.798615615361765
51.22622598192901,8438.44464218453,30.494256748034477
48.409232610443,10907.482964971372,16.976475739332066
38.64019776558235,12286.48848922772,15.777984765405957
29.292738957396235,11502.449841038568,25.04626497484945
46.63737847308174,13875.848555669898,17.15502948155323
26.73230314746513,10948.007616983905,8.281614626223154
55.73586016334975,7867.4451973972355,24.770636592274478
47.89648851432271,12084.36405590094,32.28245553478085
27.954377486101272,10300.707026445227,14.853265498068588
59.34548497770455,11773.844407183384,33.3895471431953
55.0958751269965,14078.749350970207,23.758261269450955
37.721042688773835,11446.217086402305,30.630550301046714
32.89562855309534,11050.405105974794,20.885308470623883
23.53260528221083,13001.797122799439,24.422141327408063
37.879112645818154,13877.13556544942,39.85890260282916
60.70596721396439,8278.05510420677,17.032620849559656
62.0487435666049,10398.838110396677,19.378099006910382
26.497707969672046,11335.265103486125,20.028188298353626
25.120444455116324,16106.706433403087,18.761035613212698
35.51983611505423,13302.634901906695,18.76896022608941
46.807219757302775,8814.124241047743,26.2180473919486
45.589162486506694,10353.844167973051,20.51662047443759
39.43934984098165,11510.186588446959,15.393037381717194
48.510450518675256,15219.75142447159,29.831936681591223
37.625461736462846,9685.141207940385,34.131535020321934
31.080422515484234,14956.017300954447,33.87943183427487
58.27346441754512,15465.387700391413,21.9094193168463
37.47561709925843,13408.40646254766,20.80352116227494
57.08191890599356,12096.354713320825,29.331464648260436
46.52324545089588,11528.170967421569,20.5820768655282
31.566282590077183,14733.762384348378,27.356269873312726
36.98793299836225,9144.825936375571,32.7231488615478
26.275165784046408,10978.381869062066,29.266600569562186
44.02806444948627,8518.345478613814,23.149662418891957
37.47071130820968,10670.331201673413,29.911755924739204
48.08324518039821,10663.577983275289,30.429510623841626
34.09077191808521,13094.05470495564,22.125852013874244
45.49314542456359,10972.715259290533,23.761850021109943
49.158158388130005,13564.647667220728,27.294274858609146
29.4189862179403,12487.490362616074,14.598765850891672
57.97167496824776,8991.099211884215,19.026700843232533
57.055919558601545,11783.228294868908,17.194917858368335
28.110872287243527,9998.801969202608,27.856770040956135
56.85723755248485,13262.278305596612,27.21774597427291
25.621872759206358,11399.093508556083,13.368514150847911
50.25450073339386,14456.961144515266,28.73318487069641
39.20194713609597,11565.091321403646,29.77297926271555
29.891666556654926,13702.7022665172,31.286759945484842
49.609929354342086,12868.873103677513,21.427027098499725
58.363278034081894,13185.773907195779,30.712598505427252
60.10416385519823,15051.464143426245,23.24113414348737
45.60938247889077,12445.455344386126,20.70701372188169
46.55884666917442,14916.677459784838,28.19283512767693
29.607983041370698,14115.533917720888,18.347653600430775
47.57639747241537,12379.521353655578,26.410622474565216
57.026640086858656,9925.111706275127,18.787297594755064
58.22259032081372,12333.688292260627,27.660014282403413
39.314302582764945,15226.112488927894,21.244962701540157
36.59508006832441,10488.153215083217,19.182651096055842
57.515044568301896,11381.057685004707,26.468548718254652
57.50893058569592,9387.372692125871,21.263110654260036
46.730575007157064,12304.311080586926,20.264967140723613
39.50640283505653,11409.323592256593,26.264741077930868
36.805978444549055,8605.954494052352,32.902035742099066
47.579459229794416,12654.913674128149,22.40400353242975
34.35253422297301,13737.118925654262,21.272313339215764
28.262742436310322,14202.323203769964,31.63459923437566
26.737969782934965,10824.443456665857,17.33990026232338
27.743713906598703,12978.413378136405,16.296448462560996
61.26653812930914,9737.779765630949,16.062162768713307
46.80729903255642,11827.902240368849,28.61000052214106
37.79670475325103,11633.291320586266,29.999284912014033
37.85642434047912,9565.672238311003,29.35199888796226
29.92183701172991,9204.40056428807,28.363840270800097
36.92187723008374,9622.672593519157,19.426094762350917
49.94906595381059,12403.81070891689,23.46471564550616
57.775260696674316,15756.474486924042,20.870758979828352
37.51105096398865,9653.633223757057,19.993733102958444
39.28544178563031,10555.887465904418,16.294110243745372
58.09635565290927,10995.944287773431,22.969671599223616
56.73725834945828,8423.215906618214,31.048178463302655
57.60563718708839,11995.766404613956,27.652606364754238
30.260538494491136,8759.376942605244,17.895830206348496
56.59924263447229,11864.504029203235,23.73687152107955
48.88427381832479,11471.63128424687,15.305197037651308
35.49903285189474,9739.034898358574,18.48699952092633
27.460699782701695,10063.29693337113,24.349979877166284
57.87295351430996,15196.769961626243,23.766029800558094
25.56438281856586,11461.7364142341,31.213378165661847
39.94188847745793,9048.120482017894,25.660294971927254
56.71647392278655,14693.258414220049,20.45662830577329
58.058748153838735,12520.252516844752,17.243797486484446
36.68483736074564,13486.617081456156,24.682019003389193
30.587248099852793,14320.018064539763,22.01259039533209
30.25931023743685,9947.652229412917,18.4935179484655
28.075859210439518,11222.018082137662,26.358611465208284
26.25284241292102,13067.303870655227,29.037632592124385
56.2047368450318,8629.593186467402,30.682524569115785
25.709302828227777,14719.08605543732,31.351898982725004
46.79622178517165,13305.115857771456,29.443929161760657
29.344770097445647,12269.705655054113,23.41272644670531
57.0284336430071,11679.640559221554,26.81013657559425
26.922631242632363,9525.161512944298,27.708249776710012
55.54850988839702,14503.89114612801,23.07651510282318
29.6864982864874,10426.937065512648,22.36392731607949
48.36818776646387,11491.821638032958,22.427277545907717
28.610193380881782,12048.311723081903,32.87630477504891
39.16585880251854,11293.758137425171,18.474862982050862
58.55435726515487,11458.123484478969,18.228885956763644
44.60722172309231,10767.983684216653,33.55895955732207
27.25141692635623,12146.107245501493,24.8752964600503
28.49082348227661,15414.559176833935,21.72573062949802
38.438827420842244,12376.590776599065,20.055443114823046
49.23794834271089,12488.372088972073,31.498756163753384
32.20183500451371,14200.854772630917,24.195691480788355
58.22739434196889,14363.164934342325,23.298229893238652
46.23201328030718,10305.487298160811,19.728291683063624
26.298183259345024,16174.590975171885,20.48063819680715
58.742159521412816,11560.16303523632,32.332418739773466
56.87861571424997,15888.999195651286,36.40728288153571
49.097562382906624,10004.37046713104,32.269696507884646
48.17218821281446,11236.36895716236,29.844058725078565
26.05711492563156,14545.844825501392,31.260444851423784
28.80203627792708,9898.282962705583,18.51593224341346
44.40016150104121,13898.825009443946,23.825495429130797
48.11173883187641,12236.079095238529,20.617999818279785
35.4523122762751,11615.672484315697,21.36969746295149
25.77624122940066,8816.636001904597,19.1952102917145
28.98946204433967,14721.771930031246,21.82872680884946
49.92752623320345,14465.398170556566,20.806909874125793
47.02359055856982,13484.773351133363,30.881487427206824
29.09826223333641,8871.10044792238,31.893476065489356
28.729684630958744,15060.83131378683,19.979057799258616
26.308660490040882,11279.109115186819,21.511833704170797
55.67156643022271,12814.63188864743,26.05524066187466
57.943442255203415,14907.33082237923,25.19418574682988
27.26835823764498,12624.649684935815,18.759163808483393
46.04254575573915,13003.887408700506,15.680295668741913
30.766102548009588,8454.424017284531,22.05568571388543
51.604906905653294,8841.006906005692,32.066491245791056
48.225322171199814,14104.334748174057,27.532050419030405
27.757137885235863,14255.19084649809,21.399445079766146
33.642524599962925,7365.612968561489,25.95646995981215
46.919438905299245,12372.585784596838,22.909298858107594
34.83420793209445,11510.004742501094,20.516913748177444
27.397468143002328,10192.773263580502,21.00868585109053
48.10490936388586,11010.557972190229,19.25194627104853
27.52262947979306,13708.376339012899,19.114009416249246
55.218278411228134,8401.236301741808,23.576333563953725
47.827115204280325,15410.313687051272,22.89856229491081
59.27391654014589,15116.9718409383,25.13113194073713
26.976502703698838,13032.91947989363,20.257926143624317
26.232228832892996,9407.515592231317,27.792579412345102
27.43737214597993,9214.837880383075,23.520181082217828
28.816177451573903,10933.084805919876,23.636647027646724
49.48145813946293,15055.42998466227,29.418971584613182
60.2310073623586,12477.598394206501,27.886348878774385
37.90725714817462,13855.019379319567,29.46449215925652
48.65468757036129,12280.211108155037,21.179026727137362
36.435175253062525,12675.1992760632,31.19699525190135
36.80576658204384,12414.249374717256,16.093026690116737
47.006168967435244,9475.958364870736,29.4517679158029
31.819920995385218,9889.81631285783,25.525498508733765
58.420815197739934,9785.946940664115,21.121860214976817
37.321688095826396,13027.248426540766,17.504603018477574
37.63249466986049,10295.25533030645,18.50488584199576
27.42254576940312,7892.979188163224,27.862950684446304
48.319776654405004,11381.720367339893,28.307003333517702
26.695995812238664,10330.90337681435,23.056312596352125
27.19525443451674,15900.625057816445,19.512225368754592
27.931854152106332,14794.270442644927,34.5610960508647
47.631260791749156,12970.041040896867,33.038752241226526
59.17431375702079,8863.222478075591,18.007428810264592
36.197216713079925,16182.834028357578,18.16878473771067
27.422781558495245,11681.269384013074,18.370205178820125
27.46473321049368,10490.014066066458,29.51925682916488
55.517278282369475,16395.13948035838,29.65966772846974
55.18397170198244,12467.086737681013,29.749830790255025
57.582742284362304,8351.62102818935,30.159292932557488
39.065383464427214,10430.10153731811,29.983777346418478
46.719122054605194,11331.883683155509,17.16055026603665
29.259317171982207,10485.996246185887,32.814813299224994
26.549656332563373,11319.78741914647,22.574341005330243
39.34355697881257,10890.629389419155,32.7064044881808
61.20023315561747,13086.802496301134,16.860297417155458
59.21435057102012,10993.416416540227,22.829399994799996
50.057906570839876,10937.438896781363,18.549899413196435
29.563389599542884,8625.75371683871,28.309180512979246
40.60994357316948,6544.930665926382,21.620892384344064
48.13400083437955,10813.53926461541,30.069939407373898
58.083799175009595,14509.274770646882,32.09548920404725
37.54023249377284,11032.383029070876,21.932116022680788
59.77911056565015,11246.663655022276,27.646749288424076
39.15209313769485,14210.885725546628,18.853255203476213
48.99997267384352,11850.070399542099,32.30635596586933
41.05581690626331,12506.020775462133,22.55383387205692
61.07203488940657,10530.478729052349,33.978350854924315
47.89727351367329,11357.44445109628,22.042181278077972
56.9054790203203,13863.350218810774,27.388159151242608
46.54144988833589,10166.656556911841,30.897658115448202
28.52813485461179,11576.375368355828,23.2075035214635
42.966304629045254,10320.880138391281,16.834062109800705
47.479657052221526,12002.003844428984,33.23888587592555
25.815472612757024,13582.994851747037,19.005527089668707
59.63753064460445,13423.956310165451,20.894842723011145
27.4049364674687,15132.849802294844,20.705814953910014
29.118823880471837,9762.938763661332,18.565030823179086
36.918734660052344,13009.307312586918,21.615077122194364
60.36754539479486,12298.001553019114,13.322026065285288
37.77722307415785,11539.898371153744,20.07688073428918
48.65231306898893,13816.667794377994,29.332892719908315
61.61966477797813,14425.113874695344,22.905981293894182
57.94938684489287,9715.990950409247,30.231882490470177
28.392142099253693,9342.329480072933,22.039315480941788
47.31679438690758,12844.882566323055,22.836037123651035
54.773340263793784,14336.112164749267,18.708328228816452
57.529201053128176,10067.389701851642,23.00471906259814
48.067095916803396,13635.24224783634,26.710507276025652
39.206816197573815,12810.804173371727,35.68955638579965
48.564566872678405,12689.624619200582,31.60115264520891
45.071371257016246,13265.605349304418,36.677464152840315
48.751068108469866,12188.45568746614,20.193209005213166
60.173286866579545,10748.681483946999,23.066136577334433
50.44573917273998,14347.4793014176,29.953048835931448
27.444118905071036,16748.304441355383,32.75868667976744
25.25895693099779,9771.99875108297,20.89579964986641
58.67369543757255,12443.957768990227,21.93790902468853
59.185412609717794,13152.56886923488,29.786456713762092
39.8369265035631,10447.264706183503,20.00760441130576
38.26753137164038,12124.320303364548,31.772667462493274
28.453296334160814,11650.065864946782,13.938095098736452
46.91264838894696,10752.292210001524,29.456637124574083
47.39372280779848,11957.817989218798,20.80792970170116
31.63588009916613,8967.736712307302,19.983521080275697
34.63938717715001,11705.693406482183,28.374066621801664
50.50455982200795,13979.530033776875,20.334309165509392
60.0600823914027,15888.795914473994,28.714271975062594
36.066039682717125,12336.349324562027,17.512571707671775
35.503731863484425,14380.076496029735,30.856106616445064
59.97430493747585,13952.878559568711,18.09265343009804
46.18810131584696,12846.606675306717,28.331758484908725
55.35267048714019,11781.989091555693,31.778793883083967
48.951913855069634,13996.710290639683,27.834789567020366
31.384991752202858,13962.452005686097,28.188147611922975
34.77075243424284,12665.336287486194,31.81261794311399
59.897818286204,11632.881453016771,18.56058134108429
38.039635077928516,11780.126422078874,32.735620801667324
34.507587188282805,10209.876384050276,29.42389645254451
39.56753781819899,12609.179139415619,29.831569610690483
59.51858616998453,11803.686732443195,21.25814205934715
26.31682695658629,9217.885336660393,30.997534217105777
26.43225515947114,8964.546633109123,16.60328635641482
56.16745707694584,12571.547703402306,20.432032139068493
27.273936772213315,13297.556072692269,22.207915638297745
47.55807024033097,14553.6561839386,27.62336406679863
54.69450229107478,11962.277698792534,20.632706146062958
30.050738284608965,12550.270187202375,20.126157996906564
59.35527360610019,12497.958783779868,32.82260199685405
48.116919569840796,13677.144785974226,24.0324782244191
56.95529345187696,16881.010601646496,19.55055299955961
60.49716497065558,8337.20484253484,19.19901063927416
23.864509028682605,10761.623050030723,23.26453004121439
48.285059933475225,11371.28917905949,24.76102698537064
40.77491916987157,15051.107142292574,27.13806742751444
61.54475873622028,11213.145159774866,33.68849731721906
29.138606381501646,11312.863810731742,32.13059812617964
59.98606090976173,12066.13938771226,16.40658944038051
46.18569936078766,14166.979216995373,17.40081380240045
57.92242572923211,15146.97468574834,14.963619911986664
57.49804425677911,9148.019952586668,29.32068368723422
55.72101805801797,13275.14724651084,33.76643619249859
37.49564129351726,11950.709854461516,17.963582071838104
32.13356276314025,14350.255832453884,17.689421023465417
52.45941265494579,13173.836759271015,13.954357605632566
26.643063856391954,6282.936999502276,25.662140217813494
40.813127258688816,11759.509809607705,16.249960825134004
60.81402971885597,12087.46816949014,29.280027387871005
29.466874918548143,17014.522222536714,30.871670113360533
57.16878612925435,9727.437714512116,26.014632243199358
48.37684505165373,9774.28541075076,19.10118001000893
40.0114665219707,15666.34261976211,20.57029636564587
55.059718239402024,8985.391033460837,30.628213371547332
37.79252025737739,10945.310289045523,33.33976190346419
60.751605030943274,9931.230985504533,31.593911522927804
61.24938633496406,8681.689805135566,20.97058968802208
47.333026062479995,13314.483280151413,19.66887228444015
59.12584073477885,5266.162857609703,30.28879752888513
47.816632634912516,13718.479305177967,30.047564245556146
50.63407825828366,12473.704889036253,22.65087476553086
56.99311392072692,12885.740514008045,37.477221086440736
40.93327669680038,13288.028963413964,19.2789339049609
37.96093729067744,13723.84230335115,28.999822167580632
57.09298830420053,14071.258002026483,27.422969814323892
29.53818169347925,14193.804674540586,20.076660198596535
27.065362958618667,11036.345813097165,19.044690915040224
47.47171857949038,14376.476046940094,34.620201082460696
48.25613120051227,13660.091484967044,24.372173810203474
55.20137321603026,10526.540481310354,24.313960729094756
47.88367907699831,12392.775495788552,29.3341766370823
58.256393261449205,9515.310854738771,28.61721391504865
59.02009933792293,12223.858624365083,9.813823580693771
57.95309869579746,13841.720017080574,28.932727155521082
47.85514185949852,12875.763299000675,30.995630909596688
58.99190070495932,13270.254128187475,18.501241227691384
46.62003480266474,12252.11627959294,27.353127503457188
56.49935111558621,11619.582491018722,30.813082431918932
25.294239977327102,12014.624834096443,32.64154456335484
27.40040788377714,17069.569243950147,24.54964631747861
52.6822211298211,12925.404547500082,22.119173621468697
27.808038150638236,13935.503432175301,34.5279767099534
45.531632593558115,14664.546612633765,28.982916874113535
25.753641088982448,11222.483716594556,29.540534979714298
38.07080446842569,12006.486570342244,16.522910944901348
48.253747527139275,10910.272410408172,20.53986083305842
57.62490779886769,10989.85734409708,20.488691590403775
28.96073359266843,12403.970771138622,31.227487961360705
60.46814462064327,14879.36632050239,14.511801997535699
26.83652735243813,12404.148263882598,29.59351174340834
47.042382793744686,12224.479347601971,33.21549461685683
35.2736330658289,11282.08298050453,15.82984768229462
46.53484136261018,14224.132183054604,15.070169005363763
35.12938962818838,14300.579811169675,20.68697520687315
27.044804790374172,11922.383865471154,30.642209905279962
57.158670261562435,10930.27409228527,20.03678445467422
26.584660833564715,11897.62908877779,29.60151265896386
58.87918614668171,7665.5911251713005,16.150695065802534
28.94037608455772,13377.485304532725,22.196782244079717
58.70925662852945,15014.798037899054,27.82530808830473
38.95105374729278,11181.184595506293,20.655035713489685
56.3907556370999,9066.029882098863,18.365769421283357
56.95793245709019,11507.08600490538,20.69806873742221
49.90579309459222,14221.126615864261,16.154394887757352
42.0521838366127,12609.350735383003,17.738913018926308
57.15142991814425,9331.773913298319,18.766061575272296
26.228806198341644,12383.917522288302,18.848781058339682
54.125076847336125,13148.12247656916,20.63096952038778
59.6258403110934,10391.618972505883,13.891543687001251
35.45716327640106,10351.286539357512,32.38847462720248
35.19758072729853,13384.166878296019,28.671449419326198
61.31572377737773,8703.389271552427,21.376198396981497
25.315514437797205,11875.35842206014,17.148152381418186
45.518369402504675,12595.842567921736,20.260967547702094
40.03511738584027,14007.383778387673,22.06503841873685
46.36880154763884,13018.882134927395,23.915274606687216
49.20736144551124,10244.09822948337,20.38612381725775
32.93556070716019,10259.676879427008,17.275467643583408
37.44382075650824,13640.300651483385,31.214320764648477
59.600483538053716,12189.512635783163,17.981602058435058
57.3578256919938,10918.761847735625,16.567457249386514
55.14993303050159,10377.051739861488,21.783927563486312
50.28283730202076,11872.027162920054,28.1428360665061
39.28237213386269,13529.339109159584,28.211872414947585
27.22385094593663,11452.270317769002,18.964642326198973
58.28370556088285,12076.845522395788,22.06265382334874
37.62838546945432,10014.89128036391,19.10425893352699
59.31572589768169,8987.766021420162,26.983393660163003
39.07399603252428,11552.717755560814,18.311575104088313
46.56097853074935,10517.851781381552,29.60236833542655
51.35205861327223,10572.857649278205,33.59312678434932
58.66010582442009,14324.362015362702,29.55468982167733
30.14627976857758,13647.876058571906,25.785305738091516
47.24306418181281,13329.451528801606,17.040001547664353
59.34782035210831,12960.180030791025,32.64865207178955
38.329271985589315,8007.949336158574,39.16172705070565
29.185533508915505,12927.35674747307,34.07511352505372
48.69780757670569,12807.347348080972,27.843799784485846
37.92531597483116,11926.810067317301,16.407982688657714
26.823927508903466,11086.4697182894,26.724993695409797
38.84040792415901,14875.572336168283,23.843010220395787
34.983208381934645,11792.67079772425,16.435615072493718
37.7304266978421,14193.608859356475,32.47119288843676
34.6157823552599,12178.427604970206,20.421222777550973
63.441248511114836,9926.301565449932,16.391123250457138
49.286993874710966,14347.80272379496,31.822264607928467
40.11292447524838,11715.253131951988,26.073053755451035
28.264538842659068,14525.751032949918,25.538774672258562
47.144766398597554,13968.726045812507,32.61194865034533
57.61800106748617,12639.510623489536,27.492289039250917
37.0298298260274,11210.829832227371,22.225819757772705
47.28072603782917,15710.04837583687,33.057493013113564
48.1004328706695,10396.102809269963,21.984676616071916
39.932183884093725,10258.032365445748,21.34192429053086
38.882473126928865,9986.977772221633,30.51654127695794
50.041123903028904,10287.954856070672,17.254369695408062
29.614405296846435,11515.9031211056,27.441562625415045
58.087805878948544,9489.8691616196,26.04166751803189
57.76710633336931,12404.89661514724,9.76808552826683
40.81286531324365,9440.467396396953,26.56581432595771
26.986992615093083,9714.206198591588,30.68851428699116
26.346541439096942,10838.138284709043,29.230636091775498
34.407545676044286,12993.761670300724,23.12173239223787
34.46796355848001,10898.088566132585,31.61303802186031
46.07590485769009,9390.915214650611,24.022695584198825
39.611275614812165,12542.969456557097,25.81321633683012
36.160874733889045,13733.621745211547,21.716366215973473
38.82713693995923,9190.3252889636,29.251390603133114
48.03370610997732,10077.923076471907,21.239867020221947
59.1533506607432,10784.669255768456,17.530474181634954
57.78999224632742,9730.930892423872,26.580367186278984
28.6125059640133,12342.93954010677,33.62630528361879
48.33616267199867,13428.774002014266,33.60268517623021
62.94050741782054,15852.433307097792,26.7340978794958
48.1898921358923,10322.503837010529,16.728854228238088
58.18867629214921,10055.63167923823,29.36716871914747
57.91868153496451,10290.687480746406,29.92119414980399
61.20612479673041,11167.446123979043,21.57733298144055
47.35616042557147,16422.489415049604,21.930298734345932
36.66844516931094,14060.512493411923,19.7400223491693
40.03876439171692,11989.377528192063,17.650028350562046
55.09727040784925,11498.336668049855,26.84546087173552
40.78975953566609,12736.92376392136,17.98684779152445
58.813943560175126,12078.080424300022,17.948675500676394
55.69578789708305,10580.121912627636,20.684039387268815
46.45323607898687,12039.040230091876,33.008491896790126
41.82843891263718,11982.294171937603,19.02335778354692
47.95602652201001,11579.706942597759,21.674809184868412
29.78696817643895,14124.950559694156,15.812373744695833
29.182837030741748,9881.938520918571,19.65281460654941
27.376943855896023,13040.033726668667,27.745295720931395
51.82759939158399,12301.312868377066,27.872368574124344
60.9871245767057,12445.061601716148,20.063491798729103
47.243609386963804,11100.308471608945,31.77995013702465
45.825657330582956,15288.76003557345,23.73644450067011
45.38195016494475,12148.967734407475,20.815427633680162
37.470661368088265,10734.840354702847,27.817267045099875
49.84036630781623,12279.121864994411,32.3123750445047
25.928212468645093,7826.942039760663,17.169549455566695
40.17458590251948,14968.585740111845,24.365451463140793
29.890214969207133,12152.785174641655,24.174439411019538
37.53397156258615,14808.407007213253,25.801564636786797
38.2330413753487,10487.1847162829,19.157853578637756
48.614147449729025,7839.019566846277,18.401727961993192
26.88444489174626,10615.58976417988,20.82307838964437
57.87197735297143,10256.344637739916,25.020162836136727
57.348487947382345,13900.803848866719,16.374382962388413
31.127688299593583,11042.619129324676,25.887862256938597
27.478363385454596,10406.129289348684,20.196847455338922
27.478219619886147,7954.983176150001,31.98945244385222
27.66980343216962,10953.912256185095,20.55312506530174
57.3515809890082,15983.499162765109,30.38264869173974
47.151789217626636,12580.556874707778,17.30347755058505
57.476819819625504,10718.129967569734,29.654528193699836
55.29989568243171,13204.543156639185,25.604049718315114
38.642632567723446,7871.449674584304,26.428050360553605
51.9173399381203,12004.475719385036,18.508082472487185
47.37619507563996,11650.969626246515,32.073252682704755
49.018393836605696,12692.98249198739,26.81140525629425
52.758459278825015,15650.696337587407,25.462365225187483
55.90577366819016,8822.815385531281,30.60600603547856
56.60803736219109,12794.771990436204,16.77702324114667
48.120711524893295,7200.692252428091,25.84612287885949
47.41843594124778,11785.371715149055,15.979805531610092
49.376051862496986,15242.542796429116,21.270651716752816
38.07220249105075,9584.739909686403,21.53954321798919
49.118782530811096,9837.73752374049,22.055714643210912
50.00622123511522,11358.155850949055,28.4325184539539
47.45039977530245,13019.098490643391,18.736638496437912
56.61136268831088,14302.746831250128,21.218028105684738
35.65309874070092,9344.203512089583,18.582764648200456
30.130295147644905,8516.16416633968,27.17408805675914
43.20386211777279,14463.802306993837,19.364929001168953
58.29578042856075,10251.758935332991,25.950884611699635
24.8393865826401,12025.342709147884,18.813183688549366
59.85680620497552,11622.877309541687,32.361420262503515
47.59916979938567,12291.538225299228,26.683132985067996
48.125870947780534,9876.301908679137,16.481531223248
46.666350652370724,10525.873077846472,26.812128261287416
26.97504612500405,14358.647843251285,20.536217177384728
47.54218089226673,16442.41390167419,30.078667849742637
58.09320179437784,16432.858337613732,16.305230927711857
30.410535498600265,13564.310963021588,28.71531308599692
36.22884938182298,11944.138809626085,32.29198166616909
44.515398733790555,15577.003178033316,32.93704190140198
29.21417554304841,12185.65806314251,30.63293514688046
48.796258736878784,11540.874917610627,27.82617384277642
26.969417135407987,16084.324609895035,25.799432239098188
58.153394614743355,11025.911242914675,19.186316521469287
57.35781059958587,10257.26940709185,35.18999105054419
56.23437139035988,12009.557520354285,14.575633662132116
44.79883592908077,7289.838106348019,20.663786130250116
60.756500099065015,10623.671694032953,15.412094009776716
37.10208370659455,12277.555817754952,31.131355902546574
37.29602887647631,15519.611991938884,22.916387228698508
37.563840794480036,9994.836151773492,30.48307248239145
38.44119706500866,14791.624775300239,16.026757959986718
33.76521042790958,10378.381315864166,25.491009072769643
48.702190782455716,10453.961936899603,23.59797500599686
36.94376834346701,11190.040594316788,19.565873317929892
26.616200855329577,8856.409172279293,21.479165582686708
57.956252464597,11534.449424391198,19.45549658138765
27.2011211372571,12454.160916093146,21.41915048035123
36.20242159886112,12776.983452087032,31.294699439287584
46.354368813227346,13970.161462203228,20.96606831422012
37.2791000035328,14144.905367027546,24.020335221977483
49.60068371881646,13999.887034242849,21.90075335826499
58.98619258283208,12273.093301418452,28.20759376350448
60.35125602179437,17513.293991868657,27.20741990298499
30.27684078748359,4482.275614564435,27.8569864040738
47.288969216712104,9635.610452066601,29.67723481527383
38.69902644273299,10806.34887605692,22.71740374654451
27.71675128586833,16693.27947839365,31.175004792430737
29.636915628533625,11913.04178176913,29.10855693306401
27.233852188168566,15553.220471051389,18.849770008856552
49.737567611195175,11109.001681855247,19.406221110864415
29.486335436671773,13294.550019455379,28.04086447903684
56.594041273679295,12350.886237642757,13.219784803614903
30.67346649466789,14079.713710028529,29.236339060166788
28.931827103622496,11094.424717481066,30.51481242572782
27.19363227144989,11420.645848917968,36.46093486595106
30.9584401607849,11913.223121682464,26.03276552334837
25.39092665735213,10260.473217904493,31.438782959646286
38.72262130255009,13790.185798174118,26.131058060837997
26.122920646098837,13400.321725427057,32.90382368803509
47.335384778035184,12770.712320981753,30.274931853084404
58.38705225907159,11034.188859673463,34.95994973941515
37.354042198121725,12193.832864814107,27.9638455722266
27.864895151115867,13794.195707580844,32.06718368205392
33.14447919892399,13424.260593714547,18.555637744871483
45.92936259024061,9992.783501479287,19.837329928926223
48.102828966986316,8433.926879581288,14.930240291099395
47.773132028289865,12626.671052335258,34.452913619806395
59.65920556005247,14806.083496703042,21.55563328222664
36.91311267423297,13116.107713253898,17.597575165990612
62.07606598336561,14800.33010222638,29.688348090515888
29.579951184678585,12700.003529825237,19.164114344908036
50.65019646844032,13623.09346422797,20.62102523691714
58.97383282890402,14573.300208008332,20.141113785219023
59.48498397873543,13965.044372849368,32.43196644303484
27.257377857276968,6955.638985855148,29.840934732224877
56.240890623205644,14277.164095811353,31.162288911364506
47.711279882874166,9137.401471204113,29.422766312961155
56.618399509810246,14786.519350410617,17.347352634063572
25.25078917324913,10242.377190588353,21.53897481509835
30.814277976361375,11791.627527519424,20.387438997394266
36.79260330690082,12062.803445816338,32.610300346561786
48.09005714377489,7762.271836776317,19.393008012751118
55.797359223556626,11560.230125803304,31.05882772842994
58.76378718653233,9215.926096848652,33.14062559220546
27.803651710113186,10060.149495618021,23.643435576173918
52.33039434642891,14065.579854097077,16.0571456228349
59.48828153149037,9839.184850919799,35.11158478551794
50.8186424214005,8249.70540152387,30.947917944225274
35.328424509097616,11969.841495659937,20.583055084238858
30.917958970359596,13770.45573078423,30.565273083013537
31.896718032418658,11039.721855637885,21.066542047367882
38.513336503008226,13044.17664706067,16.751154422523175
60.1048789672393,14086.222129551814,24.96112765725329
38.50792768815701,7068.937861514325,15.995416114716912
27.015526997159487,12548.879430293917,30.451418532746832
45.39447433579341,13986.87216890912,18.513539468363327
38.27578535632618,9768.001235916921,18.01927587032374
39.327416548337446,10600.856255472121,32.15515794070157
54.05208814560894,13451.77778258191,33.06904497070917
31.04502892296925,13297.030955770111,15.345888230317778
28.96345131372734,9424.801649582723,23.083251393767437
56.519032543824764,10393.76963819286,35.68050660427512
55.43187047769945,10749.146772700396,21.3328307187114
44.60921391565539,12226.34186504732,22.70055475192197
59.177684285943045,17439.75792552967,32.57363424763557
37.17146771781043,9840.618003214862,26.144337948989516
54.398345065178745,14963.532127961933,29.315541492210894
36.73336800339704,10939.524866174226,17.57027386047828
30.382920889228764,13483.081671175132,31.47981962339221
45.462251261999796,11375.508700615856,29.3992636924834
28.0177777019566,10109.075486114694,19.137641442712727
38.062983962961354,11399.434049085334,27.034645141724432
44.13307950239475,12526.507738346667,21.69741591955705
36.88012633254147,13353.30940625784,27.208609365647657
27.826071779625934,10330.840103801429,31.213661512664572
37.99067009012471,12593.866556194378,16.434213034634762
37.942501225723035,11681.566992334981,35.11058803708374
56.683681462677164,13843.894232953586,13.257352041691114
26.839903065011686,13195.832237451192,26.50473852548613
30.45154886753232,10193.859116217567,18.046441760320683
42.67676996712895,12016.05917156602,20.414535587105703
27.656040548576186,16728.63463012819,24.289356668762117
38.754511998313056,13785.3687495475,31.910540956968262
35.88363740033931,13811.127378938356,33.48305713510206
58.637904764386455,11954.944617017456,30.86395436025515
36.68210503308483,11524.330397045054,28.05456679598699
37.93104700184886,12708.505060327874,20.795420166300946
28.66109609827774,12623.343801943422,23.92453491111263
35.89743364073194,13477.799916602487,19.90563213571348
41.556545508470066,16065.216532539289,16.35480596602224
38.86811709259111,11280.540566354033,32.07438393596251
37.04119621534496,12527.803309073282,19.620593678870325
38.60174832437625,10694.558827457851,29.433733649468888
59.29396904516067,12209.073913267262,31.500273345180155
49.83981928921975,12014.600981492016,33.54638781346581
47.82963510265614,10995.089628086887,28.47074797792538
29.816729047146982,9903.99889719165,31.62006793737241
29.217459742579347,12754.77597277995,31.128518500862565
28.134438849506914,3956.3370648505397,29.754050188083365
